x,u_num,u_exact,abs_err
0.1,0.06574973648305565,0.06574975908170694,2.259865128362293e-08
0.2,0.1313828889076622,0.13138293548826,4.65805977678535e-08
0.3,0.1962807987961133,0.1962808678269732,6.903085991716296e-08
0.4,0.2585756653890853,0.258575737812094,7.242300870125007e-08
0.5,0.3138493569612866,0.3138493555516929,1.409593664014608e-09
0.6,0.3529721194759494,0.3529718208732384,2.986027110574163e-07
0.7,0.3594439086441754,0.3594428595541725,1.049090002869235e-06
0.8,0.3095825452427731,0.3095803848688138,2.160373959225748e-06
0.9,0.184756014527487,0.184753742776812,2.271750674992523e-06
